abs_cart_pos,abs_pole_angle,cart_pos,cart_vel,pole_angle,pole_angular_velocity,seed,steps,terminal_reason,variant
0.9235925674438477,0.21266622841358185,0.9235925674438477,-0.03931577503681183,-0.21266622841358185,-0.35568317770957947,42,1262,pole_angle,baseline
1.060585379600525,0.21749192476272583,1.060585379600525,0.1820618361234665,-0.21749192476272583,-0.2806893587112427,43,233,pole_angle,baseline
0.9251907467842102,0.21760141849517822,0.9251907467842102,-0.18568956851959229,-0.21760141849517822,-0.23766563832759857,44,467,pole_angle,baseline
0.9108936786651611,0.21277831494808197,0.9108936786651611,-0.0069932835176587105,-0.21277831494808197,-0.40518316626548767,45,534,pole_angle,baseline
0.9333875775337219,0.2129686027765274,0.9333875775337219,-0.1547679305076599,-0.2129686027765274,-0.14105349779129028,46,421,pole_angle,baseline
0.7684349417686462,0.22183196246623993,0.7684349417686462,-1.7214174270629883,0.22183196246623993,2.448826551437378,47,187,pole_angle,baseline
0.2011791467666626,0.0072373561561107635,0.2011791467666626,0.4786930978298187,-0.0072373561561107635,-0.7464830279350281,48,2000,time_limit,baseline
0.9803755879402161,0.2101568728685379,0.9803755879402161,0.0868803933262825,-0.2101568728685379,-0.2548500597476959,49,274,pole_angle,baseline
0.9311150312423706,0.21044647693634033,0.9311150312423706,0.02050301432609558,-0.21044647693634033,-0.27008527517318726,50,392,pole_angle,baseline
1.0109286308288574,0.21265316009521484,1.0109286308288574,0.1447974592447281,-0.21265316009521484,-0.2649511396884918,51,241,pole_angle,baseline
0.9391729831695557,0.22017107903957367,0.9391729831695557,0.03118393011391163,-0.22017107903957367,-0.3180442750453949,52,454,pole_angle,baseline
0.9318864345550537,0.2118753045797348,0.9318864345550537,0.18998658657073975,-0.2118753045797348,-0.6018635630607605,53,487,pole_angle,baseline
0.999931275844574,0.21574747562408447,0.999931275844574,0.19082269072532654,-0.21574747562408447,-0.2846439778804779,54,795,pole_angle,baseline
0.9626806974411011,0.21019019186496735,0.9626806974411011,-0.1020762100815773,-0.21019019186496735,-0.1712009161710739,55,350,pole_angle,baseline
1.1806784868240356,0.21748171746730804,1.1806784868240356,0.5295532941818237,-0.21748171746730804,-0.29855775833129883,56,89,pole_angle,baseline
0.9182022213935852,0.20952701568603516,0.9182022213935852,0.0488164909183979,-0.20952701568603516,-0.6007979512214661,57,278,pole_angle,baseline
1.20684814453125,0.22295628488063812,1.20684814453125,-1.9228155612945557,0.22295628488063812,3.2011539936065674,58,202,pole_angle,baseline
0.8946072459220886,0.21728873252868652,0.8946072459220886,-2.024610757827759,0.21728873252868652,3.062171697616577,59,179,pole_angle,baseline
0.7090283632278442,0.23378710448741913,0.7090283632278442,-1.8160130977630615,0.23378710448741913,2.556279420852661,60,231,pole_angle,baseline
1.0053300857543945,0.20972567796707153,1.0053300857543945,0.17175771296024323,-0.20972567796707153,-0.3862653970718384,61,179,pole_angle,baseline
0.9861828684806824,0.2177249938249588,0.9861828684806824,-0.04214519262313843,-0.2177249938249588,-0.19727195799350739,62,270,pole_angle,baseline
0.9890653491020203,0.211920365691185,0.9890653491020203,0.1898396909236908,-0.211920365691185,-0.5553324222564697,63,248,pole_angle,baseline
0.661962628364563,0.21705219149589539,0.661962628364563,-1.1672054529190063,0.21705219149589539,1.5778956413269043,64,268,pole_angle,baseline
1.0602303743362427,0.21020616590976715,1.0602303743362427,0.001877039554528892,-0.21020616590976715,0.11180910468101501,65,134,pole_angle,baseline
0.9844344258308411,0.21392570436000824,0.9844344258308411,-0.18513093888759613,-0.21392570436000824,-0.14123046398162842,66,233,pole_angle,baseline
0.9253897666931152,0.221147820353508,0.9253897666931152,-0.017758022993803024,-0.221147820353508,-0.45972198247909546,67,668,pole_angle,baseline
0.9017432332038879,0.21912498772144318,0.9017432332038879,-0.08682092279195786,-0.21912498772144318,-0.37172621488571167,68,429,pole_angle,baseline
0.5298694372177124,0.025958474725484848,0.5298694372177124,0.4122079014778137,-0.025958474725484848,-0.6615518927574158,69,2000,time_limit,baseline
0.9248190522193909,0.2202930450439453,0.9248190522193909,-0.008697666227817535,-0.2202930450439453,-0.4156722128391266,70,888,pole_angle,baseline
0.9447054266929626,0.21036575734615326,0.9447054266929626,0.04085943475365639,-0.21036575734615326,-0.26560693979263306,71,344,pole_angle,baseline
0.6913717985153198,0.22073408961296082,0.6913717985153198,-1.2211847305297852,0.22073408961296082,1.6619445085525513,72,238,pole_angle,baseline
1.010291576385498,0.2117750644683838,1.010291576385498,0.023684261366724968,-0.2117750644683838,-0.03526999056339264,73,172,pole_angle,baseline
0.9416734576225281,0.2095974087715149,0.9416734576225281,0.02650640346109867,-0.2095974087715149,-0.312264621257782,74,466,pole_angle,baseline
0.9746485352516174,0.21832185983657837,0.9746485352516174,0.0033576663117855787,-0.21832185983657837,-0.3701339662075043,75,210,pole_angle,baseline
0.9688968062400818,0.21196769177913666,0.9688968062400818,-0.0331697016954422,-0.21196769177913666,-0.23536351323127747,76,207,pole_angle,baseline
0.9283328056335449,0.21273162961006165,0.9283328056335449,0.18555715680122375,-0.21273162961006165,-0.7098389267921448,77,461,pole_angle,baseline
0.918400228023529,0.2110353708267212,0.918400228023529,-0.1106494590640068,-0.2110353708267212,-0.24429921805858612,78,243,pole_angle,baseline
0.9534394145011902,0.2187315821647644,0.9534394145011902,-0.0684681236743927,-0.2187315821647644,-0.32364147901535034,79,954,pole_angle,baseline
0.9204399585723877,0.2164497673511505,0.9204399585723877,-0.05530552193522453,-0.2164497673511505,-0.3536190390586853,80,598,pole_angle,baseline
0.948377788066864,0.21003319323062897,0.948377788066864,-0.16896657645702362,-0.21003319323062897,-0.029842350631952286,81,537,pole_angle,baseline
0.09424612671136856,0.042392879724502563,0.09424612671136856,0.09606186300516129,0.042392879724502563,-0.20440812408924103,82,2000,time_limit,baseline
1.0271408557891846,0.21200178563594818,1.0271408557891846,-0.0702417716383934,-0.21200178563594818,0.08471589535474777,83,200,pole_angle,baseline
0.9975680112838745,0.21290895342826843,0.9975680112838745,0.2213972806930542,-0.21290895342826843,-0.30596086382865906,84,215,pole_angle,baseline
0.669338047504425,0.22054609656333923,0.669338047504425,-1.2251514196395874,0.22054609656333923,1.6562855243682861,85,216,pole_angle,baseline
0.9490798711776733,0.21197593212127686,0.9490798711776733,0.16437697410583496,-0.21197593212127686,-0.6004218459129333,86,271,pole_angle,baseline
0.938389241695404,0.2137400060892105,0.938389241695404,-0.14898836612701416,-0.2137400060892105,-0.1715075522661209,87,409,pole_angle,baseline
1.0063316822052002,0.2104872614145279,1.0063316822052002,0.1959490180015564,-0.2104872614145279,-0.42662161588668823,88,239,pole_angle,baseline
0.6482040882110596,0.2098182588815689,0.6482040882110596,-1.137816309928894,0.2098182588815689,1.3164451122283936,89,182,pole_angle,baseline
0.8982548117637634,0.2124134749174118,0.8982548117637634,0.01984170824289322,-0.2124134749174118,-0.5573233366012573,90,670,pole_angle,baseline
0.9935626983642578,0.21667851507663727,0.9935626983642578,0.08901381492614746,-0.21667851507663727,-0.31257250905036926,91,240,pole_angle,baseline
2.4119861125946045,0.04286113381385803,2.4119861125946045,1.957411289215088,0.04286113381385803,-1.1888484954833984,92,309,cart_pos,baseline
0.9095466136932373,0.21541231870651245,0.9095466136932373,0.17930762469768524,-0.21541231870651245,-0.7355217933654785,93,811,pole_angle,baseline
0.957503616809845,0.21015754342079163,0.957503616809845,-0.12236633151769638,-0.21015754342079163,-0.1482623666524887,94,337,pole_angle,baseline
0.9463527798652649,0.21544954180717468,0.9463527798652649,-0.14529310166835785,-0.21544954180717468,-0.17979007959365845,95,275,pole_angle,baseline
0.9621079564094543,0.2147151678800583,0.9621079564094543,-0.08094562590122223,-0.2147151678800583,-0.22518649697303772,96,247,pole_angle,baseline
0.9558542370796204,0.21886928379535675,0.9558542370796204,-0.11829468607902527,-0.21886928379535675,-0.2796351909637451,97,299,pole_angle,baseline
1.0146150588989258,0.21401137113571167,1.0146150588989258,-0.019755229353904724,-0.21401137113571167,-0.15161852538585663,98,218,pole_angle,baseline
0.9715550541877747,0.2156592160463333,0.9715550541877747,-0.0039619081653654575,-0.2156592160463333,-0.20415225625038147,99,236,pole_angle,baseline
0.9183300733566284,0.2104797065258026,0.9183300733566284,-0.14892753958702087,-0.2104797065258026,-0.21672765910625458,100,393,pole_angle,baseline
0.36256617307662964,0.017198294401168823,0.36256617307662964,0.2708075940608978,0.017198294401168823,-0.4582737684249878,101,2000,time_limit,baseline
0.9733707904815674,0.20980733633041382,0.9733707904815674,0.13239498436450958,-0.20980733633041382,-0.4266991913318634,102,200,pole_angle,baseline
0.9801959991455078,0.2136731892824173,0.9801959991455078,-0.08988441526889801,-0.2136731892824173,-0.06199130415916443,103,336,pole_angle,baseline
0.9521585702896118,0.21577870845794678,0.9521585702896118,-0.12954910099506378,-0.21577870845794678,-0.15320968627929688,104,311,pole_angle,baseline
0.9150885939598083,0.21058781445026398,0.9150885939598083,0.1412431299686432,-0.21058781445026398,-0.6691596508026123,105,506,pole_angle,baseline
0.9349833130836487,0.21201670169830322,0.9349833130836487,0.17693676054477692,-0.21201670169830322,-0.571853518486023,106,503,pole_angle,baseline
0.9559998512268066,0.2152871936559677,0.9559998512268066,-0.08159556984901428,-0.2152871936559677,-0.2236378788948059,107,340,pole_angle,baseline
0.9182233810424805,0.2146139144897461,0.9182233810424805,-0.15660050511360168,-0.2146139144897461,-0.28906843066215515,108,527,pole_angle,baseline
0.9749010801315308,0.2179773449897766,0.9749010801315308,0.09841393679380417,-0.2179773449897766,-0.2710234820842743,109,628,pole_angle,baseline
0.9546504020690918,0.21435731649398804,0.9546504020690918,0.021329466253519058,-0.21435731649398804,-0.3009178042411804,110,330,pole_angle,baseline
0.9678798317909241,0.21219158172607422,0.9678798317909241,-0.06640826910734177,-0.21219158172607422,-0.21122589707374573,111,302,pole_angle,baseline
0.9331139922142029,0.21377523243427277,0.9331139922142029,-0.09129425138235092,-0.21377523243427277,-0.24595071375370026,112,383,pole_angle,baseline
1.013841152191162,0.21825763583183289,1.013841152191162,-0.002522686030715704,-0.21825763583183289,-0.2386382520198822,113,244,pole_angle,baseline
0.9562869668006897,0.2113395780324936,0.9562869668006897,-0.012950061820447445,-0.2113395780324936,-0.20908625423908234,114,234,pole_angle,baseline
0.17144106328487396,0.02504342421889305,0.17144106328487396,-0.10234060883522034,-0.02504342421889305,0.39945876598358154,115,2000,time_limit,baseline
1.087903380393982,0.2202342003583908,1.087903380393982,-0.1284903734922409,-0.2202342003583908,-0.35614946484565735,116,141,pole_angle,baseline
0.9119653701782227,0.21594414114952087,0.9119653701782227,-0.1552884429693222,-0.21594414114952087,-0.28246375918388367,117,1315,pole_angle,baseline
0.9822835922241211,0.21718338131904602,0.9822835922241211,0.07588604837656021,-0.21718338131904602,-0.31300294399261475,118,358,pole_angle,baseline
1.0207723379135132,0.21672426164150238,1.0207723379135132,0.12391907721757889,-0.21672426164150238,-0.2968747317790985,119,228,pole_angle,baseline
0.6280977725982666,0.23754726350307465,0.6280977725982666,-1.543217658996582,0.23754726350307465,2.0256197452545166,120,274,pole_angle,baseline
0.9513874053955078,0.21915572881698608,0.9513874053955078,-0.03850658982992172,-0.21915572881698608,-0.28563711047172546,121,366,pole_angle,baseline
1.046236515045166,0.2157612293958664,1.046236515045166,0.32247406244277954,-0.2157612293958664,-0.3087904751300812,122,166,pole_angle,baseline
0.9520227313041687,0.21949473023414612,0.9520227313041687,-0.049607325345277786,-0.21949473023414612,-0.3248136639595032,123,278,pole_angle,baseline
0.9559240937232971,0.2134365290403366,0.9559240937232971,-0.1819818615913391,-0.2134365290403366,-0.03970789909362793,124,423,pole_angle,baseline
1.070350170135498,0.20992505550384521,1.070350170135498,0.22510550916194916,-0.20992505550384521,-0.00037367563345469534,125,180,pole_angle,baseline
0.9532005190849304,0.21872565150260925,0.9532005190849304,0.06719557195901871,-0.21872565150260925,-0.2953588664531708,126,192,pole_angle,baseline
1.0660701990127563,0.2172389030456543,1.0660701990127563,0.2570030391216278,-0.2172389030456543,-0.29719072580337524,127,210,pole_angle,baseline
0.25132450461387634,0.021601596847176552,0.25132450461387634,0.3008633852005005,0.021601596847176552,-0.4332929253578186,128,2000,time_limit,baseline
0.9733194708824158,0.21778063476085663,0.9733194708824158,0.08435793220996857,-0.21778063476085663,-0.3101598918437958,129,1649,pole_angle,baseline
1.0361897945404053,0.21019428968429565,1.0361897945404053,-0.1832299530506134,-0.21019428968429565,0.14763419330120087,130,249,pole_angle,baseline
0.9629167318344116,0.21124322712421417,0.9629167318344116,-0.10465006530284882,-0.21124322712421417,-0.1631513386964798,131,287,pole_angle,baseline
0.9493041634559631,0.21375343203544617,0.9493041634559631,-0.1304372400045395,-0.21375343203544617,-0.19047918915748596,132,445,pole_angle,baseline
1.0810147523880005,0.2138478010892868,1.0810147523880005,0.37977731227874756,-0.2138478010892868,-0.280152291059494,133,180,pole_angle,baseline
0.9352373480796814,0.21710166335105896,0.9352373480796814,-0.17587241530418396,-0.21710166335105896,-0.16486293077468872,134,449,pole_angle,baseline
0.9425631165504456,0.21162167191505432,0.9425631165504456,-0.1833132952451706,-0.21162167191505432,-0.06669334322214127,135,851,pole_angle,baseline
0.9539010524749756,0.21729110181331635,0.9539010524749756,-0.11118291318416595,-0.21729110181331635,-0.18269598484039307,136,238,pole_angle,baseline
0.9729942679405212,0.21438157558441162,0.9729942679405212,-0.047870926558971405,-0.21438157558441162,-0.24008221924304962,137,264,pole_angle,baseline
1.056023120880127,0.20979982614517212,1.056023120880127,0.18071848154067993,-0.20979982614517212,-0.062423866242170334,138,163,pole_angle,baseline
0.691175639629364,0.2410317361354828,0.691175639629364,-1.6253770589828491,0.2410317361354828,2.227426528930664,139,230,pole_angle,baseline
0.9986617565155029,0.21416562795639038,0.9986617565155029,-0.07276591658592224,-0.21416562795639038,-0.05867500975728035,140,251,pole_angle,baseline
0.9833782315254211,0.2140103280544281,0.9833782315254211,-0.043203793466091156,-0.2140103280544281,-0.061708249151706696,141,207,pole_angle,baseline
0.9235925674438477,0.21266622841358185,0.9235925674438477,-0.03931577503681183,-0.21266622841358185,-0.35568317770957947,42,1262,pole_angle,pos_only
0.9167106747627258,0.2132263481616974,0.9167106747627258,-0.18358133733272552,-0.2132263481616974,-0.2367939054965973,43,627,pole_angle,pos_only
0.9251907467842102,0.21760141849517822,0.9251907467842102,-0.18568956851959229,-0.21760141849517822,-0.23766563832759857,44,467,pole_angle,pos_only
0.9150331020355225,0.21220330893993378,0.9150331020355225,-0.0050536696799099445,-0.21220330893993378,-0.4488886296749115,45,664,pole_angle,pos_only
0.2718102037906647,0.03632112964987755,-0.2718102037906647,-0.37615442276000977,-0.03632112964987755,0.7346608638763428,46,2000,time_limit,pos_only
0.7431694865226746,0.2444334775209427,0.7431694865226746,-2.3001413345336914,0.2444334775209427,3.205209255218506,47,1466,pole_angle,pos_only
0.1198219582438469,0.02503983862698078,0.1198219582438469,0.08702772855758667,0.02503983862698078,-0.1297263503074646,48,2000,time_limit,pos_only
0.9605816602706909,0.21024607121944427,0.9605816602706909,-0.10311271995306015,-0.21024607121944427,-0.0713186115026474,49,297,pole_angle,pos_only
1.0313920974731445,0.21106037497520447,1.0313920974731445,0.011567124165594578,-0.21106037497520447,-0.06892769038677216,50,1752,pole_angle,pos_only
0.9048520922660828,0.21807995438575745,0.9048520922660828,-0.028619298711419106,-0.21807995438575745,-0.45567283034324646,51,1408,pole_angle,pos_only
0.35711580514907837,0.026994949206709862,0.35711580514907837,0.012828574515879154,-0.026994949206709862,0.09423103928565979,52,2000,time_limit,pos_only
0.948998212814331,0.21789760887622833,0.948998212814331,-0.005255444906651974,-0.21789760887622833,-0.3006625473499298,53,980,pole_angle,pos_only
0.9497728943824768,0.21449638903141022,0.9497728943824768,0.00970256607979536,-0.21449638903141022,-0.3020736277103424,54,482,pole_angle,pos_only
1.163033366203308,0.025055445730686188,-1.163033366203308,-0.12013205885887146,-0.025055445730686188,0.23060199618339539,55,2000,time_limit,pos_only
0.9810922145843506,0.21027225255966187,0.9810922145843506,0.16591346263885498,-0.21027225255966187,-0.29953283071517944,56,181,pole_angle,pos_only
0.9182022213935852,0.20952701568603516,0.9182022213935852,0.0488164909183979,-0.20952701568603516,-0.6007979512214661,57,278,pole_angle,pos_only
0.43325257301330566,0.034959401935338974,0.43325257301330566,0.03285008668899536,-0.034959401935338974,0.1168116107583046,58,2000,time_limit,pos_only
0.9558000564575195,0.21576528251171112,0.9558000564575195,-0.060920242220163345,-0.21576528251171112,-0.19848690927028656,59,243,pole_angle,pos_only
0.9284917712211609,0.21556061506271362,0.9284917712211609,-0.05047988146543503,-0.21556061506271362,-0.35005253553390503,60,1838,pole_angle,pos_only
0.9108307361602783,0.2101488709449768,0.9108307361602783,-0.007981408387422562,-0.2101488709449768,-0.4339766204357147,61,526,pole_angle,pos_only
0.9155535101890564,0.210463747382164,0.9155535101890564,0.1610860824584961,-0.210463747382164,-0.6785674691200256,62,1311,pole_angle,pos_only
0.954811692237854,0.21898794174194336,0.954811692237854,-0.003895858768373728,-0.21898794174194336,-0.28805819153785706,63,581,pole_angle,pos_only
0.9008461236953735,0.2102639228105545,0.9008461236953735,0.018249090760946274,-0.2102639228105545,-0.5471041798591614,64,1250,pole_angle,pos_only
0.45694640278816223,0.018828963860869408,0.45694640278816223,-0.0007387017831206322,0.018828963860869408,0.16673649847507477,65,2000,time_limit,pos_only
0.9359208941459656,0.21110612154006958,0.9359208941459656,-0.1895308941602707,-0.21110612154006958,-0.04155857115983963,66,887,pole_angle,pos_only
0.9129728078842163,0.2136000692844391,0.9129728078842163,-0.017855042591691017,-0.2136000692844391,-0.4568385183811188,67,1242,pole_angle,pos_only
0.9017432332038879,0.21912498772144318,0.9017432332038879,-0.08682092279195786,-0.21912498772144318,-0.37172621488571167,68,429,pole_angle,pos_only
0.9789499044418335,0.02612803503870964,-0.9789499044418335,0.38742414116859436,0.02612803503870964,-0.11594454199075699,69,2000,time_limit,pos_only
0.9373944997787476,0.21206043660640717,0.9373944997787476,0.18161426484584808,-0.21206043660640717,-0.6055145263671875,70,797,pole_angle,pos_only
0.9975837469100952,0.2122136950492859,0.9975837469100952,0.032150913029909134,-0.2122136950492859,-0.06917890906333923,71,1936,pole_angle,pos_only
0.92669278383255,0.21280603110790253,0.92669278383255,0.1526302695274353,-0.21280603110790253,-0.6106971502304077,72,1141,pole_angle,pos_only
0.9536644220352173,0.2115151733160019,0.9536644220352173,0.22813057899475098,-0.2115151733160019,-0.5446099042892456,73,373,pole_angle,pos_only
0.9416734576225281,0.2095974087715149,0.9416734576225281,0.02650640346109867,-0.2095974087715149,-0.312264621257782,74,466,pole_angle,pos_only
0.9552853107452393,0.21693605184555054,0.9552853107452393,0.0033242525532841682,-0.21693605184555054,-0.3693653345108032,75,730,pole_angle,pos_only
0.9688968062400818,0.21196769177913666,0.9688968062400818,-0.0331697016954422,-0.21196769177913666,-0.23536351323127747,76,207,pole_angle,pos_only
0.9283328056335449,0.21273162961006165,0.9283328056335449,0.18555715680122375,-0.21273162961006165,-0.7098389267921448,77,461,pole_angle,pos_only
0.9564668536186218,0.21150675415992737,0.9564668536186218,0.08291669189929962,-0.21150675415992737,-0.508734405040741,78,368,pole_angle,pos_only
0.13959980010986328,0.020430125296115875,0.13959980010986328,0.29651448130607605,-0.020430125296115875,-0.34454330801963806,79,2000,time_limit,pos_only
0.5738742351531982,0.012339900247752666,0.5738742351531982,0.3129347860813141,0.012339900247752666,-0.4463309347629547,80,2000,time_limit,pos_only
0.44721364974975586,0.009680806659162045,0.44721364974975586,0.39570102095603943,0.009680806659162045,-0.4509652853012085,81,2000,time_limit,pos_only
0.09424612671136856,0.042392879724502563,0.09424612671136856,0.09606186300516129,0.042392879724502563,-0.20440812408924103,82,2000,time_limit,pos_only
0.7178584337234497,0.011737768538296223,0.7178584337234497,0.3163582384586334,0.011737768538296223,-0.42258837819099426,83,2000,time_limit,pos_only
0.02922630123794079,0.03187879920005798,-0.02922630123794079,0.018433578312397003,-0.03187879920005798,0.16639769077301025,84,2000,time_limit,pos_only
0.5348763465881348,0.014101889915764332,0.5348763465881348,-0.45726093649864197,-0.014101889915764332,0.7284830212593079,85,2000,time_limit,pos_only
0.9066272377967834,0.20996160805225372,0.9066272377967834,-0.027301795780658722,-0.20996160805225372,-0.3792512118816376,86,1040,pole_angle,pos_only
0.938389241695404,0.2137400060892105,0.938389241695404,-0.14898836612701416,-0.2137400060892105,-0.1715075522661209,87,409,pole_angle,pos_only
0.9383466243743896,0.20988906919956207,0.9383466243743896,0.016411859542131424,-0.20988906919956207,-0.4787653982639313,88,490,pole_angle,pos_only
0.9370220303535461,0.2164035588502884,0.9370220303535461,-0.16195963323116302,-0.2164035588502884,-0.18254156410694122,89,477,pole_angle,pos_only
0.8982548117637634,0.2124134749174118,0.8982548117637634,0.01984170824289322,-0.2124134749174118,-0.5573233366012573,90,670,pole_angle,pos_only
0.6266300678253174,0.013618948869407177,-0.6266300678253174,0.4677749574184418,0.013618948869407177,-0.6378679275512695,91,2000,time_limit,pos_only
0.7352059483528137,0.010619308799505234,-0.7352059483528137,0.28724080324172974,-0.010619308799505234,-0.4482221007347107,92,2000,time_limit,pos_only
0.9095466136932373,0.21541231870651245,0.9095466136932373,0.17930762469768524,-0.21541231870651245,-0.7355217933654785,93,811,pole_angle,pos_only
1.2714396715164185,0.0026725090574473143,-1.2714396715164185,0.4368794858455658,0.0026725090574473143,-0.44708243012428284,94,2000,time_limit,pos_only
0.9648078680038452,0.2129068225622177,0.9648078680038452,0.041316185146570206,-0.2129068225622177,-0.2870039939880371,95,422,pole_angle,pos_only
0.22145263850688934,0.01512729562819004,-0.22145263850688934,0.0958629623055458,0.01512729562819004,-0.10905435681343079,96,2000,time_limit,pos_only
0.9505625367164612,0.21504363417625427,0.9505625367164612,-0.12295770645141602,-0.21504363417625427,-0.17393872141838074,97,461,pole_angle,pos_only
0.9398447871208191,0.22044281661510468,0.9398447871208191,-0.006648489274084568,-0.22044281661510468,-0.44788500666618347,98,1012,pole_angle,pos_only
0.9316935539245605,0.21057958900928497,0.9316935539245605,-0.0010141402017325163,-0.21057958900928497,-0.27040737867355347,99,514,pole_angle,pos_only
0.10127371549606323,0.0003187137481290847,0.10127371549606323,-0.3704826533794403,-0.0003187137481290847,0.6636314988136292,100,2000,time_limit,pos_only
0.7416413426399231,0.032305262982845306,-0.7416413426399231,-0.1232740581035614,-0.032305262982845306,0.2114705741405487,101,2000,time_limit,pos_only
0.6922109723091125,0.02636987715959549,0.6922109723091125,-0.2668590843677521,-0.02636987715959549,0.366433322429657,102,2000,time_limit,pos_only
0.48363372683525085,0.009122354909777641,-0.48363372683525085,0.2914792597293854,0.009122354909777641,-0.45038631558418274,103,2000,time_limit,pos_only
0.43857541680336,0.0163385272026062,0.43857541680336,0.4282970130443573,0.0163385272026062,-0.4210287034511566,104,2000,time_limit,pos_only
0.9150885939598083,0.21058781445026398,0.9150885939598083,0.1412431299686432,-0.21058781445026398,-0.6691596508026123,105,506,pole_angle,pos_only
0.9349833130836487,0.21201670169830322,0.9349833130836487,0.17693676054477692,-0.21201670169830322,-0.571853518486023,106,503,pole_angle,pos_only
0.024392331019043922,0.008270436897873878,0.024392331019043922,-0.4896259605884552,0.008270436897873878,0.7588964104652405,107,2000,time_limit,pos_only
0.9182233810424805,0.2146139144897461,0.9182233810424805,-0.15660050511360168,-0.2146139144897461,-0.28906843066215515,108,527,pole_angle,pos_only
0.6125934720039368,0.02874336764216423,-0.6125934720039368,-0.2946319282054901,-0.02874336764216423,0.38241758942604065,109,2000,time_limit,pos_only
0.9546504020690918,0.21435731649398804,0.9546504020690918,0.021329466253519058,-0.21435731649398804,-0.3009178042411804,110,330,pole_angle,pos_only
0.6493171453475952,0.02783704549074173,0.6493171453475952,-0.07970452308654785,0.02783704549074173,0.08652961254119873,111,2000,time_limit,pos_only
0.3683571517467499,0.020314889028668404,-0.3683571517467499,0.08311191201210022,0.020314889028668404,-0.07675790786743164,112,2000,time_limit,pos_only
0.9503200650215149,0.21388956904411316,0.9503200650215149,0.0032682744786143303,-0.21388956904411316,-0.36909574270248413,113,680,pole_angle,pos_only
0.9459894299507141,0.21071405708789825,0.9459894299507141,-0.00874023512005806,-0.21071405708789825,-0.30400174856185913,114,1026,pole_angle,pos_only
0.019136445596814156,0.0350152961909771,0.019136445596814156,-0.08834206312894821,-0.0350152961909771,0.09055399149656296,115,2000,time_limit,pos_only
0.9228111505508423,0.21374814212322235,0.9228111505508423,-0.1354639232158661,-0.21374814212322235,-0.19897031784057617,116,309,pole_angle,pos_only
0.13795049488544464,0.0071761636063456535,0.13795049488544464,0.40618303418159485,-0.0071761636063456535,-0.6270927786827087,117,2000,time_limit,pos_only
1.1623969078063965,0.007757578510791063,-1.1623969078063965,0.45517513155937195,-0.007757578510791063,-0.6497816443443298,118,2000,time_limit,pos_only
0.9302647709846497,0.21599213778972626,0.9302647709846497,-0.05610058829188347,-0.21599213778972626,-0.33820006251335144,119,1499,pole_angle,pos_only
0.14462456107139587,0.02041560225188732,-0.14462456107139587,-0.383776992559433,0.02041560225188732,0.4707535207271576,120,2000,time_limit,pos_only
0.9480219483375549,0.21368104219436646,0.9480219483375549,0.15406836569309235,-0.21368104219436646,-0.5274645090103149,121,639,pole_angle,pos_only
0.9056663513183594,0.21185268461704254,0.9056663513183594,-0.03775862976908684,-0.21185268461704254,-0.3868716061115265,122,1254,pole_angle,pos_only
0.6333609223365784,0.008513628505170345,0.6333609223365784,0.7067717909812927,-0.008513628505170345,-0.956365704536438,123,2000,time_limit,pos_only
0.37580448389053345,0.016673389822244644,-0.37580448389053345,0.3688843846321106,0.016673389822244644,-0.15567032992839813,124,2000,time_limit,pos_only
0.6114374399185181,0.029481787234544754,-0.6114374399185181,0.22997696697711945,0.029481787234544754,-0.10814917832612991,125,2000,time_limit,pos_only
1.0279054641723633,8.124500891426578e-05,-1.0279054641723633,-0.33019617199897766,8.124500891426578e-05,0.45451676845550537,126,2000,time_limit,pos_only
1.1007264852523804,0.006583061069250107,-1.1007264852523804,-0.5152378082275391,0.006583061069250107,0.6982139348983765,127,2000,time_limit,pos_only
0.06797739863395691,0.012778418138623238,-0.06797739863395691,-0.09005815535783768,-0.012778418138623238,0.16669707000255585,128,2000,time_limit,pos_only
0.5741012096405029,0.014481544494628906,-0.5741012096405029,0.26931852102279663,-0.014481544494628906,-0.3722972869873047,129,2000,time_limit,pos_only
0.3355993926525116,0.029047254472970963,0.3355993926525116,-0.00291484990157187,-0.029047254472970963,0.17803709208965302,130,2000,time_limit,pos_only
1.27949059009552,0.006007438525557518,-1.27949059009552,-0.3259895443916321,-0.006007438525557518,0.7113226652145386,131,2000,time_limit,pos_only
0.6683444976806641,0.22623276710510254,0.6683444976806641,-1.3071244955062866,0.22623276710510254,1.7396162748336792,132,1923,pole_angle,pos_only
0.6264819502830505,0.23361553251743317,0.6264819502830505,-1.3489097356796265,0.23361553251743317,1.797967791557312,133,1705,pole_angle,pos_only
0.9352373480796814,0.21710166335105896,0.9352373480796814,-0.17587241530418396,-0.21710166335105896,-0.16486293077468872,134,449,pole_angle,pos_only
0.9425631165504456,0.21162167191505432,0.9425631165504456,-0.1833132952451706,-0.21162167191505432,-0.06669334322214127,135,851,pole_angle,pos_only
0.6436735987663269,0.016914786770939827,-0.6436735987663269,0.24843524396419525,-0.016914786770939827,-0.08850597590208054,136,2000,time_limit,pos_only
0.9189364314079285,0.21196796000003815,0.9189364314079285,-0.04563314840197563,-0.21196796000003815,-0.29050901532173157,137,1494,pole_angle,pos_only
0.41234835982322693,0.012628288939595222,0.41234835982322693,-0.4010789394378662,-0.012628288939595222,0.7381927371025085,138,2000,time_limit,pos_only
0.9206846952438354,0.2112361490726471,0.9206846952438354,0.13900643587112427,-0.2112361490726471,-0.6574096083641052,139,1635,pole_angle,pos_only
0.9952006936073303,0.21226105093955994,0.9952006936073303,-0.07249167561531067,-0.21226105093955994,-0.06461700797080994,140,357,pole_angle,pos_only
0.9063841104507446,0.2105841189622879,0.9063841104507446,-0.028307924047112465,-0.2105841189622879,-0.39748379588127136,141,1003,pole_angle,pos_only
0.9235925674438477,0.21266622841358185,0.9235925674438477,-0.03931577503681183,-0.21266622841358185,-0.35568317770957947,42,1262,pole_angle,angular_only
0.9167106747627258,0.2132263481616974,0.9167106747627258,-0.18358133733272552,-0.2132263481616974,-0.2367939054965973,43,627,pole_angle,angular_only
0.9251907467842102,0.21760141849517822,0.9251907467842102,-0.18568956851959229,-0.21760141849517822,-0.23766563832759857,44,467,pole_angle,angular_only
0.9150331020355225,0.21220330893993378,0.9150331020355225,-0.0050536696799099445,-0.21220330893993378,-0.4488886296749115,45,664,pole_angle,angular_only
0.2718102037906647,0.03632112964987755,-0.2718102037906647,-0.37615442276000977,-0.03632112964987755,0.7346608638763428,46,2000,time_limit,angular_only
0.7431694865226746,0.2444334775209427,0.7431694865226746,-2.3001413345336914,0.2444334775209427,3.205209255218506,47,1466,pole_angle,angular_only
0.5326319336891174,0.02358723245561123,-0.5326319336891174,0.08514363318681717,-0.02358723245561123,-0.08813358843326569,48,2000,time_limit,angular_only
0.9605816602706909,0.21024607121944427,0.9605816602706909,-0.10311271995306015,-0.21024607121944427,-0.0713186115026474,49,297,pole_angle,angular_only
1.0313920974731445,0.21106037497520447,1.0313920974731445,0.011567124165594578,-0.21106037497520447,-0.06892769038677216,50,1752,pole_angle,angular_only
0.9048520922660828,0.21807995438575745,0.9048520922660828,-0.028619298711419106,-0.21807995438575745,-0.45567283034324646,51,1408,pole_angle,angular_only
0.35711580514907837,0.026994949206709862,0.35711580514907837,0.012828574515879154,-0.026994949206709862,0.09423103928565979,52,2000,time_limit,angular_only
0.948998212814331,0.21789760887622833,0.948998212814331,-0.005255444906651974,-0.21789760887622833,-0.3006625473499298,53,980,pole_angle,angular_only
0.9497728943824768,0.21449638903141022,0.9497728943824768,0.00970256607979536,-0.21449638903141022,-0.3020736277103424,54,482,pole_angle,angular_only
1.163033366203308,0.025055445730686188,-1.163033366203308,-0.12013205885887146,-0.025055445730686188,0.23060199618339539,55,2000,time_limit,angular_only
0.9810922145843506,0.21027225255966187,0.9810922145843506,0.16591346263885498,-0.21027225255966187,-0.29953283071517944,56,181,pole_angle,angular_only
0.9182022213935852,0.20952701568603516,0.9182022213935852,0.0488164909183979,-0.20952701568603516,-0.6007979512214661,57,278,pole_angle,angular_only
0.43325257301330566,0.034959401935338974,0.43325257301330566,0.03285008668899536,-0.034959401935338974,0.1168116107583046,58,2000,time_limit,angular_only
0.9558000564575195,0.21576528251171112,0.9558000564575195,-0.060920242220163345,-0.21576528251171112,-0.19848690927028656,59,243,pole_angle,angular_only
0.9284917712211609,0.21556061506271362,0.9284917712211609,-0.05047988146543503,-0.21556061506271362,-0.35005253553390503,60,1838,pole_angle,angular_only
0.9108307361602783,0.2101488709449768,0.9108307361602783,-0.007981408387422562,-0.2101488709449768,-0.4339766204357147,61,526,pole_angle,angular_only
0.9155535101890564,0.210463747382164,0.9155535101890564,0.1610860824584961,-0.210463747382164,-0.6785674691200256,62,1311,pole_angle,angular_only
0.954811692237854,0.21898794174194336,0.954811692237854,-0.003895858768373728,-0.21898794174194336,-0.28805819153785706,63,581,pole_angle,angular_only
0.9008461236953735,0.2102639228105545,0.9008461236953735,0.018249090760946274,-0.2102639228105545,-0.5471041798591614,64,1250,pole_angle,angular_only
0.45694640278816223,0.018828963860869408,0.45694640278816223,-0.0007387017831206322,0.018828963860869408,0.16673649847507477,65,2000,time_limit,angular_only
1.0446819067001343,0.21559298038482666,1.0446819067001343,0.1836472898721695,-0.21559298038482666,-0.25538259744644165,66,1825,pole_angle,angular_only
0.9129728078842163,0.2136000692844391,0.9129728078842163,-0.017855042591691017,-0.2136000692844391,-0.4568385183811188,67,1242,pole_angle,angular_only
0.6248064637184143,0.022907165810465813,-0.6248064637184143,0.08656248450279236,-0.022907165810465813,-0.17645235359668732,68,2000,time_limit,angular_only
1.007010817527771,0.21084202826023102,1.007010817527771,0.02172006480395794,-0.21084202826023102,-0.0732424184679985,69,1676,pole_angle,angular_only
0.9373944997787476,0.21206043660640717,0.9373944997787476,0.18161426484584808,-0.21206043660640717,-0.6055145263671875,70,797,pole_angle,angular_only
0.9975837469100952,0.2122136950492859,0.9975837469100952,0.032150913029909134,-0.2122136950492859,-0.06917890906333923,71,1936,pole_angle,angular_only
0.92669278383255,0.21280603110790253,0.92669278383255,0.1526302695274353,-0.21280603110790253,-0.6106971502304077,72,1141,pole_angle,angular_only
0.9536644220352173,0.2115151733160019,0.9536644220352173,0.22813057899475098,-0.2115151733160019,-0.5446099042892456,73,373,pole_angle,angular_only
0.9416734576225281,0.2095974087715149,0.9416734576225281,0.02650640346109867,-0.2095974087715149,-0.312264621257782,74,466,pole_angle,angular_only
0.9552853107452393,0.21693605184555054,0.9552853107452393,0.0033242525532841682,-0.21693605184555054,-0.3693653345108032,75,730,pole_angle,angular_only
0.9688968062400818,0.21196769177913666,0.9688968062400818,-0.0331697016954422,-0.21196769177913666,-0.23536351323127747,76,207,pole_angle,angular_only
0.9305236339569092,0.2125302255153656,0.9305236339569092,-0.013999633491039276,-0.2125302255153656,-0.3110333979129791,77,686,pole_angle,angular_only
0.9564668536186218,0.21150675415992737,0.9564668536186218,0.08291669189929962,-0.21150675415992737,-0.508734405040741,78,368,pole_angle,angular_only
0.19591990113258362,0.0019487648969516158,-0.19591990113258362,0.30126383900642395,-0.0019487648969516158,-0.4492861032485962,79,2000,time_limit,angular_only
0.5738742351531982,0.012339900247752666,0.5738742351531982,0.3129347860813141,0.012339900247752666,-0.4463309347629547,80,2000,time_limit,angular_only
0.44721364974975586,0.009680806659162045,0.44721364974975586,0.39570102095603943,0.009680806659162045,-0.4509652853012085,81,2000,time_limit,angular_only
0.09424612671136856,0.042392879724502563,0.09424612671136856,0.09606186300516129,0.042392879724502563,-0.20440812408924103,82,2000,time_limit,angular_only
0.7178584337234497,0.011737768538296223,0.7178584337234497,0.3163582384586334,0.011737768538296223,-0.42258837819099426,83,2000,time_limit,angular_only
0.02922630123794079,0.03187879920005798,-0.02922630123794079,0.018433578312397003,-0.03187879920005798,0.16639769077301025,84,2000,time_limit,angular_only
0.5348763465881348,0.014101889915764332,0.5348763465881348,-0.45726093649864197,-0.014101889915764332,0.7284830212593079,85,2000,time_limit,angular_only
0.9066272377967834,0.20996160805225372,0.9066272377967834,-0.027301795780658722,-0.20996160805225372,-0.3792512118816376,86,1040,pole_angle,angular_only
0.938389241695404,0.2137400060892105,0.938389241695404,-0.14898836612701416,-0.2137400060892105,-0.1715075522661209,87,409,pole_angle,angular_only
0.9383466243743896,0.20988906919956207,0.9383466243743896,0.016411859542131424,-0.20988906919956207,-0.4787653982639313,88,490,pole_angle,angular_only
0.9370220303535461,0.2164035588502884,0.9370220303535461,-0.16195963323116302,-0.2164035588502884,-0.18254156410694122,89,477,pole_angle,angular_only
0.6697628498077393,0.015571778640151024,-0.6697628498077393,0.0008946261368691921,-0.015571778640151024,-0.12698844075202942,90,2000,time_limit,angular_only
0.6266300678253174,0.013618948869407177,-0.6266300678253174,0.4677749574184418,0.013618948869407177,-0.6378679275512695,91,2000,time_limit,angular_only
0.7352059483528137,0.010619308799505234,-0.7352059483528137,0.28724080324172974,-0.010619308799505234,-0.4482221007347107,92,2000,time_limit,angular_only
0.9095466136932373,0.21541231870651245,0.9095466136932373,0.17930762469768524,-0.21541231870651245,-0.7355217933654785,93,811,pole_angle,angular_only
1.2714396715164185,0.0026725090574473143,-1.2714396715164185,0.4368794858455658,0.0026725090574473143,-0.44708243012428284,94,2000,time_limit,angular_only
0.9648078680038452,0.2129068225622177,0.9648078680038452,0.041316185146570206,-0.2129068225622177,-0.2870039939880371,95,422,pole_angle,angular_only
0.22145263850688934,0.01512729562819004,-0.22145263850688934,0.0958629623055458,0.01512729562819004,-0.10905435681343079,96,2000,time_limit,angular_only
1.4329538345336914,0.013457346707582474,-1.4329538345336914,-0.33219078183174133,-0.013457346707582474,0.43387672305107117,97,2000,time_limit,angular_only
0.9398447871208191,0.22044281661510468,0.9398447871208191,-0.006648489274084568,-0.22044281661510468,-0.44788500666618347,98,1012,pole_angle,angular_only
0.9316935539245605,0.21057958900928497,0.9316935539245605,-0.0010141402017325163,-0.21057958900928497,-0.27040737867355347,99,514,pole_angle,angular_only
0.10127371549606323,0.0003187137481290847,0.10127371549606323,-0.3704826533794403,-0.0003187137481290847,0.6636314988136292,100,2000,time_limit,angular_only
0.7416413426399231,0.032305262982845306,-0.7416413426399231,-0.1232740581035614,-0.032305262982845306,0.2114705741405487,101,2000,time_limit,angular_only
0.6922109723091125,0.02636987715959549,0.6922109723091125,-0.2668590843677521,-0.02636987715959549,0.366433322429657,102,2000,time_limit,angular_only
0.7595947980880737,0.0011530019110068679,-0.7595947980880737,-0.490001380443573,-0.0011530019110068679,0.7422875761985779,103,2000,time_limit,angular_only
0.43857541680336,0.0163385272026062,0.43857541680336,0.4282970130443573,0.0163385272026062,-0.4210287034511566,104,2000,time_limit,angular_only
0.8976858258247375,0.21490928530693054,0.8976858258247375,0.13975796103477478,-0.21490928530693054,-0.6363182663917542,105,1734,pole_angle,angular_only
0.9262742400169373,0.21498814225196838,0.9262742400169373,-0.013552571646869183,-0.21498814225196838,-0.37751755118370056,106,1190,pole_angle,angular_only
0.024392331019043922,0.008270436897873878,0.024392331019043922,-0.4896259605884552,0.008270436897873878,0.7588964104652405,107,2000,time_limit,angular_only
0.9182233810424805,0.2146139144897461,0.9182233810424805,-0.15660050511360168,-0.2146139144897461,-0.28906843066215515,108,527,pole_angle,angular_only
0.6125934720039368,0.02874336764216423,-0.6125934720039368,-0.2946319282054901,-0.02874336764216423,0.38241758942604065,109,2000,time_limit,angular_only
0.9546504020690918,0.21435731649398804,0.9546504020690918,0.021329466253519058,-0.21435731649398804,-0.3009178042411804,110,330,pole_angle,angular_only
0.6493171453475952,0.02783704549074173,0.6493171453475952,-0.07970452308654785,0.02783704549074173,0.08652961254119873,111,2000,time_limit,angular_only
0.3683571517467499,0.020314889028668404,-0.3683571517467499,0.08311191201210022,0.020314889028668404,-0.07675790786743164,112,2000,time_limit,angular_only
0.9503200650215149,0.21388956904411316,0.9503200650215149,0.0032682744786143303,-0.21388956904411316,-0.36909574270248413,113,680,pole_angle,angular_only
0.9459894299507141,0.21071405708789825,0.9459894299507141,-0.00874023512005806,-0.21071405708789825,-0.30400174856185913,114,1026,pole_angle,angular_only
0.019136445596814156,0.0350152961909771,0.019136445596814156,-0.08834206312894821,-0.0350152961909771,0.09055399149656296,115,2000,time_limit,angular_only
0.9228111505508423,0.21374814212322235,0.9228111505508423,-0.1354639232158661,-0.21374814212322235,-0.19897031784057617,116,309,pole_angle,angular_only
0.4883418679237366,0.008321608416736126,-0.4883418679237366,0.40944987535476685,0.008321608416736126,-0.6992818713188171,117,2000,time_limit,angular_only
1.1623969078063965,0.007757578510791063,-1.1623969078063965,0.45517513155937195,-0.007757578510791063,-0.6497816443443298,118,2000,time_limit,angular_only
0.9302647709846497,0.21599213778972626,0.9302647709846497,-0.05610058829188347,-0.21599213778972626,-0.33820006251335144,119,1499,pole_angle,angular_only
0.7917549014091492,0.01439211331307888,-0.7917549014091492,0.39560210704803467,0.01439211331307888,-0.6757460832595825,120,2000,time_limit,angular_only
0.8973986506462097,0.21980354189872742,0.8973986506462097,-0.030852943658828735,-0.21980354189872742,-0.4589478373527527,121,1378,pole_angle,angular_only
0.9056663513183594,0.21185268461704254,0.9056663513183594,-0.03775862976908684,-0.21185268461704254,-0.3868716061115265,122,1254,pole_angle,angular_only
0.6333609223365784,0.008513628505170345,0.6333609223365784,0.7067717909812927,-0.008513628505170345,-0.956365704536438,123,2000,time_limit,angular_only
0.9029543399810791,0.21411819756031036,0.9029543399810791,0.02498244307935238,-0.21411819756031036,-0.6055986285209656,124,1928,pole_angle,angular_only
0.6114374399185181,0.029481787234544754,-0.6114374399185181,0.22997696697711945,0.029481787234544754,-0.10814917832612991,125,2000,time_limit,angular_only
1.581898808479309,0.0261987317353487,-1.581898808479309,0.4522504210472107,0.0261987317353487,-0.759825587272644,126,2000,time_limit,angular_only
1.1007264852523804,0.006583061069250107,-1.1007264852523804,-0.5152378082275391,0.006583061069250107,0.6982139348983765,127,2000,time_limit,angular_only
0.06797739863395691,0.012778418138623238,-0.06797739863395691,-0.09005815535783768,-0.012778418138623238,0.16669707000255585,128,2000,time_limit,angular_only
0.5741012096405029,0.014481544494628906,-0.5741012096405029,0.26931852102279663,-0.014481544494628906,-0.3722972869873047,129,2000,time_limit,angular_only
0.3355993926525116,0.029047254472970963,0.3355993926525116,-0.00291484990157187,-0.029047254472970963,0.17803709208965302,130,2000,time_limit,angular_only
1.27949059009552,0.006007438525557518,-1.27949059009552,-0.3259895443916321,-0.006007438525557518,0.7113226652145386,131,2000,time_limit,angular_only
0.6683444976806641,0.22623276710510254,0.6683444976806641,-1.3071244955062866,0.22623276710510254,1.7396162748336792,132,1923,pole_angle,angular_only
0.6264819502830505,0.23361553251743317,0.6264819502830505,-1.3489097356796265,0.23361553251743317,1.797967791557312,133,1705,pole_angle,angular_only
0.9352373480796814,0.21710166335105896,0.9352373480796814,-0.17587241530418396,-0.21710166335105896,-0.16486293077468872,134,449,pole_angle,angular_only
0.42269206047058105,0.0051591964438557625,-0.42269206047058105,0.377765029668808,-0.0051591964438557625,-0.4073140025138855,135,2000,time_limit,angular_only
0.6436735987663269,0.016914786770939827,-0.6436735987663269,0.24843524396419525,-0.016914786770939827,-0.08850597590208054,136,2000,time_limit,angular_only
0.9189364314079285,0.21196796000003815,0.9189364314079285,-0.04563314840197563,-0.21196796000003815,-0.29050901532173157,137,1494,pole_angle,angular_only
0.41234835982322693,0.012628288939595222,0.41234835982322693,-0.4010789394378662,-0.012628288939595222,0.7381927371025085,138,2000,time_limit,angular_only
0.9206846952438354,0.2112361490726471,0.9206846952438354,0.13900643587112427,-0.2112361490726471,-0.6574096083641052,139,1635,pole_angle,angular_only
0.9177499413490295,0.21357518434524536,0.9177499413490295,-0.062994085252285,-0.21357518434524536,-0.2788773775100708,140,1183,pole_angle,angular_only
0.9063841104507446,0.2105841189622879,0.9063841104507446,-0.028307924047112465,-0.2105841189622879,-0.39748379588127136,141,1003,pole_angle,angular_only
2.420358419418335,0.06159117445349693,2.420358419418335,2.0015039443969727,-0.06159117445349693,-1.2416095733642578,42,145,cart_pos,angle_only
2.417630672454834,0.07445035874843597,2.417630672454834,2.0448157787323,-0.07445035874843597,-1.252546787261963,43,309,cart_pos,angle_only
1.4386043548583984,0.21601726114749908,1.4386043548583984,0.5398549437522888,-0.21601726114749908,-0.1953888088464737,44,161,pole_angle,angle_only
2.409337282180786,0.05098484456539154,2.409337282180786,2.0274813175201416,0.05098484456539154,-1.1510051488876343,45,197,cart_pos,angle_only
1.2591476440429688,0.21311712265014648,1.2591476440429688,0.3861619830131531,-0.21311712265014648,-0.036511413753032684,46,260,pole_angle,angle_only
1.9766069650650024,0.23577642440795898,-1.9766069650650024,-2.639908790588379,0.23577642440795898,2.6621968746185303,47,568,pole_angle,angle_only
1.4734042882919312,0.21905554831027985,1.4734042882919312,-0.08105329424142838,-0.21905554831027985,-0.4434466063976288,48,203,pole_angle,angle_only
1.5433950424194336,0.2111005187034607,1.5433950424194336,0.10025550425052643,-0.2111005187034607,-0.5558764338493347,49,170,pole_angle,angle_only
2.430116653442383,0.006997089833021164,2.430116653442383,2.059081554412842,0.006997089833021164,-1.107710599899292,50,175,cart_pos,angle_only
2.4113993644714355,0.1267969310283661,2.4113993644714355,1.6239874362945557,0.1267969310283661,-0.8042334318161011,51,471,cart_pos,angle_only
1.7726091146469116,0.23294565081596375,-1.7726091146469116,0.6756289601325989,-0.23294565081596375,-2.547056198120117,52,765,pole_angle,angle_only
2.4116885662078857,0.0630219429731369,2.4116885662078857,0.8786998987197876,0.0630219429731369,0.26488372683525085,53,357,cart_pos,angle_only
1.9852890968322754,0.23376266658306122,1.9852890968322754,1.1679471731185913,-0.23376266658306122,-1.8180701732635498,54,312,pole_angle,angle_only
1.5247961282730103,0.21841174364089966,1.5247961282730103,0.822339653968811,-0.21841174364089966,-0.5134270787239075,55,205,pole_angle,angle_only
2.322033643722534,0.22695353627204895,2.322033643722534,1.4602222442626953,-0.22695353627204895,-0.7826355695724487,56,122,pole_angle,angle_only
2.1324479579925537,0.21618033945560455,2.1324479579925537,0.14001217484474182,0.21618033945560455,1.4407390356063843,57,123,pole_angle,angle_only
1.9518851041793823,0.23147304356098175,-1.9518851041793823,-2.625274419784546,0.23147304356098175,2.6470158100128174,58,472,pole_angle,angle_only
2.4370315074920654,0.029735799878835678,2.4370315074920654,2.1850905418395996,0.029735799878835678,-1.6026968955993652,59,177,cart_pos,angle_only
1.431773066520691,0.20981866121292114,1.431773066520691,-0.06077251210808754,-0.20981866121292114,-0.1173272654414177,60,674,pole_angle,angle_only
2.408984661102295,0.0938122421503067,2.408984661102295,2.407541275024414,0.0938122421503067,-1.5693365335464478,61,201,cart_pos,angle_only
1.7207545042037964,0.2115708440542221,1.7207545042037964,-0.047430623322725296,-0.2115708440542221,-0.07768596708774567,62,570,pole_angle,angle_only
1.453824520111084,0.2148873507976532,1.453824520111084,0.5369880795478821,-0.2148873507976532,-0.182265967130661,63,218,pole_angle,angle_only
2.4034082889556885,0.1793552041053772,2.4034082889556885,1.4719815254211426,0.1793552041053772,-0.5207618474960327,64,920,cart_pos,angle_only
1.903202772140503,0.21432927250862122,-1.903202772140503,1.040844202041626,-0.21432927250862122,-2.8012523651123047,65,565,pole_angle,angle_only
2.400416851043701,0.04843352735042572,2.400416851043701,0.88283771276474,-0.04843352735042572,0.3727479577064514,66,245,cart_pos,angle_only
2.422926664352417,0.11899985373020172,2.422926664352417,2.0125374794006348,0.11899985373020172,-1.118786096572876,67,463,cart_pos,angle_only
2.085975170135498,0.21848414838314056,2.085975170135498,0.011188003234565258,0.21848414838314056,1.5175464153289795,68,142,pole_angle,angle_only
2.4105734825134277,0.09798840433359146,2.4105734825134277,1.303892731666565,0.09798840433359146,-0.27707332372665405,69,127,cart_pos,angle_only
1.4035917520523071,0.2146807312965393,1.4035917520523071,0.5268641710281372,-0.2146807312965393,-0.18964223563671112,70,199,pole_angle,angle_only
1.3161649703979492,0.21971726417541504,1.3161649703979492,-1.9315776824951172,0.21971726417541504,3.192369222640991,71,228,pole_angle,angle_only
2.0509133338928223,0.22934600710868835,2.0509133338928223,0.069563128054142,0.22934600710868835,1.26443612575531,72,587,pole_angle,angle_only
2.0318808555603027,0.23157723248004913,-2.0318808555603027,-2.6409590244293213,0.23157723248004913,2.6392664909362793,73,592,pole_angle,angle_only
2.421562433242798,0.1871384233236313,2.421562433242798,1.8823713064193726,-0.1871384233236313,-1.1470460891723633,74,152,cart_pos,angle_only
2.404428720474243,0.03600308671593666,2.404428720474243,1.855096459388733,0.03600308671593666,-1.0956244468688965,75,262,cart_pos,angle_only
2.0261754989624023,0.21518917381763458,2.0261754989624023,0.07444600015878677,0.21518917381763458,1.4363218545913696,76,132,pole_angle,angle_only
2.4332616329193115,0.02251170016825199,2.4332616329193115,1.6451730728149414,-0.02251170016825199,-0.8008432984352112,77,133,cart_pos,angle_only
1.635777235031128,0.21121570467948914,1.635777235031128,-0.30205032229423523,-0.21121570467948914,-0.028873272240161896,78,304,pole_angle,angle_only
2.431429862976074,0.0791124477982521,2.431429862976074,2.3523306846618652,-0.0791124477982521,-1.5709046125411987,79,161,cart_pos,angle_only
1.6594833135604858,0.2306685447692871,1.6594833135604858,0.8891013264656067,-0.2306685447692871,-1.1486135721206665,80,375,pole_angle,angle_only
1.2424492835998535,0.21355006098747253,1.2424492835998535,0.37721019983291626,-0.21355006098747253,-0.04376319795846939,81,172,pole_angle,angle_only
1.2798997163772583,0.20951204001903534,1.2798997163772583,0.6530879139900208,-0.20951204001903534,-0.4668184816837311,82,131,pole_angle,angle_only
2.414013147354126,0.1637689471244812,2.414013147354126,1.2140239477157593,0.1637689471244812,-0.16926255822181702,83,561,cart_pos,angle_only
1.8932535648345947,0.21746021509170532,-1.8932535648345947,1.2443113327026367,-0.21746021509170532,-2.8580267429351807,84,636,pole_angle,angle_only
1.8765358924865723,0.21805399656295776,1.8765358924865723,0.06831537187099457,0.21805399656295776,1.1945924758911133,85,721,pole_angle,angle_only
1.317340612411499,0.21114331483840942,1.317340612411499,0.5110110640525818,-0.21114331483840942,-0.21598781645298004,86,377,pole_angle,angle_only
1.4660581350326538,0.21263273060321808,1.4660581350326538,0.05135007202625275,-0.21263273060321808,-0.5876790285110474,87,172,pole_angle,angle_only
2.4245047569274902,0.15900224447250366,2.4245047569274902,1.6617381572723389,0.15900224447250366,-0.6690804958343506,88,295,cart_pos,angle_only
1.3372886180877686,0.21837230026721954,1.3372886180877686,-1.9486913681030273,0.21837230026721954,3.1880733966827393,89,160,pole_angle,angle_only
0.4867830276489258,0.2233811467885971,0.4867830276489258,-2.0898678302764893,0.2233811467885971,1.9060052633285522,90,401,pole_angle,angle_only
1.7416408061981201,0.22269725799560547,1.7416408061981201,-0.15884090960025787,0.22269725799560547,1.1766842603683472,91,279,pole_angle,angle_only
0.7352059483528137,0.010619308799505234,-0.7352059483528137,0.28724080324172974,-0.010619308799505234,-0.4482221007347107,92,2000,time_limit,angle_only
2.4058001041412354,0.1665678471326828,2.4058001041412354,1.0537039041519165,0.1665678471326828,0.05006658658385277,93,164,cart_pos,angle_only
1.1804465055465698,0.23004144430160522,1.1804465055465698,-2.4489173889160156,0.23004144430160522,3.101297378540039,94,257,pole_angle,angle_only
2.4309065341949463,0.05219939351081848,2.4309065341949463,1.8936933279037476,0.05219939351081848,-1.0295737981796265,95,170,cart_pos,angle_only
1.3402254581451416,0.2123233526945114,1.3402254581451416,-0.07676126062870026,-0.2123233526945114,-0.3192119598388672,96,485,pole_angle,angle_only
2.4014506340026855,0.03029019758105278,2.4014506340026855,0.5551146268844604,-0.03029019758105278,0.918510913848877,97,181,cart_pos,angle_only
2.4008824825286865,0.07189345359802246,2.4008824825286865,2.2242634296417236,0.07189345359802246,-1.5172033309936523,98,378,cart_pos,angle_only
2.416654348373413,0.005491186864674091,2.416654348373413,2.047706365585327,-0.005491186864674091,-1.331152319908142,99,223,cart_pos,angle_only
1.884209156036377,0.24816639721393585,-1.884209156036377,1.2548432350158691,-0.24816639721393585,-3.1724259853363037,100,744,pole_angle,angle_only
2.4387872219085693,0.009501463733613491,2.4387872219085693,1.9344826936721802,0.009501463733613491,-1.054401159286499,101,167,cart_pos,angle_only
2.03836727142334,0.21296000480651855,2.03836727142334,0.050174444913864136,0.21296000480651855,1.4241786003112793,102,152,pole_angle,angle_only
2.445060968399048,0.1160639077425003,2.445060968399048,2.1494925022125244,-0.1160639077425003,-1.3287872076034546,103,974,cart_pos,angle_only
1.243812918663025,0.2131325900554657,1.243812918663025,0.796890377998352,-0.2131325900554657,-0.5402113795280457,104,188,pole_angle,angle_only
2.042365312576294,0.22724570333957672,2.042365312576294,-0.1391170620918274,0.22724570333957672,1.5522700548171997,105,143,pole_angle,angle_only
2.40339732170105,0.03542635962367058,2.40339732170105,2.219475507736206,0.03542635962367058,-1.491777777671814,106,192,cart_pos,angle_only
2.420431613922119,0.07916940748691559,2.420431613922119,1.3768218755722046,-0.07916940748691559,-0.2992849349975586,107,238,cart_pos,angle_only
2.4222164154052734,0.0401005782186985,2.4222164154052734,1.4890681505203247,-0.0401005782186985,-0.48141175508499146,108,142,cart_pos,angle_only
2.411480188369751,0.10911314189434052,2.411480188369751,1.1833057403564453,0.10911314189434052,-0.12857837975025177,109,184,cart_pos,angle_only
2.4043867588043213,0.16055679321289062,2.4043867588043213,1.683552861213684,-0.16055679321289062,-0.867912232875824,110,131,cart_pos,angle_only
2.433708906173706,0.09295500069856644,2.433708906173706,2.1718194484710693,0.09295500069856644,-1.4506793022155762,111,504,cart_pos,angle_only
0.3683571517467499,0.020314889028668404,-0.3683571517467499,0.08311191201210022,0.020314889028668404,-0.07675790786743164,112,2000,time_limit,angle_only
2.4223172664642334,0.07168301194906235,2.4223172664642334,2.0433349609375,-0.07168301194906235,-1.2387819290161133,113,243,cart_pos,angle_only
2.4319405555725098,0.0858469307422638,2.4319405555725098,2.2263710498809814,0.0858469307422638,-1.4716944694519043,114,386,cart_pos,angle_only
2.432734966278076,0.004229041747748852,2.432734966278076,2.1581058502197266,0.004229041747748852,-1.3264527320861816,115,208,cart_pos,angle_only
2.4017341136932373,0.012756839394569397,2.4017341136932373,1.9052711725234985,-0.012756839394569397,-1.084869623184204,116,174,cart_pos,angle_only
1.5159894227981567,0.21413852274417877,1.5159894227981567,0.5678591132164001,-0.21413852274417877,-0.18669858574867249,117,189,pole_angle,angle_only
1.8517307043075562,0.2194375842809677,-1.8517307043075562,1.2806298732757568,-0.2194375842809677,-2.8652780055999756,118,1284,pole_angle,angle_only
2.407674789428711,0.09250069409608841,2.407674789428711,1.5959254503250122,0.09250069409608841,-0.6728235483169556,119,202,cart_pos,angle_only
1.893267273902893,0.20966514945030212,-1.893267273902893,1.2180602550506592,-0.20966514945030212,-2.819870948791504,120,600,pole_angle,angle_only
2.4335880279541016,0.05464421212673187,2.4335880279541016,2.1884186267852783,-0.05464421212673187,-1.2669262886047363,121,236,cart_pos,angle_only
1.3936330080032349,0.20951418578624725,1.3936330080032349,0.15235400199890137,-0.20951418578624725,-0.5723589062690735,122,419,pole_angle,angle_only
2.400136709213257,0.029462741687893867,2.400136709213257,2.373439311981201,-0.029462741687893867,-1.6184806823730469,123,609,cart_pos,angle_only
2.078875780105591,0.21395231783390045,2.078875780105591,0.12919370830059052,0.21395231783390045,1.143246054649353,124,227,pole_angle,angle_only
1.9986250400543213,0.2348245084285736,-1.9986250400543213,-2.620211362838745,0.2348245084285736,2.649259328842163,125,751,pole_angle,angle_only
1.2374430894851685,0.2548202872276306,1.2374430894851685,-1.708666443824768,0.2548202872276306,2.855173110961914,126,145,pole_angle,angle_only
1.7657127380371094,0.21520370244979858,-1.7657127380371094,1.1072555780410767,-0.21520370244979858,-3.0529515743255615,127,1206,pole_angle,angle_only
2.12713623046875,0.21852977573871613,2.12713623046875,0.036027610301971436,0.21852977573871613,1.4267522096633911,128,1113,pole_angle,angle_only
0.5741012096405029,0.014481544494628906,-0.5741012096405029,0.26931852102279663,-0.014481544494628906,-0.3722972869873047,129,2000,time_limit,angle_only
1.9011174440383911,0.2197967916727066,-1.9011174440383911,0.6505175232887268,-0.2197967916727066,-2.2455832958221436,130,541,pole_angle,angle_only
1.8258951902389526,0.24734918773174286,-1.8258951902389526,1.4767956733703613,-0.24734918773174286,-3.0248587131500244,131,1269,pole_angle,angle_only
1.742141842842102,0.23581750690937042,-1.742141842842102,1.2625700235366821,-0.23581750690937042,-2.896728992462158,132,702,pole_angle,angle_only
1.8740432262420654,0.25753986835479736,-1.8740432262420654,1.231614112854004,-0.25753986835479736,-3.0989580154418945,133,678,pole_angle,angle_only
1.0491596460342407,0.24460186064243317,1.0491596460342407,-1.7620941400527954,0.24460186064243317,2.8038623332977295,134,171,pole_angle,angle_only
1.1188281774520874,0.24380254745483398,1.1188281774520874,-2.3185412883758545,0.24380254745483398,2.978628396987915,135,190,pole_angle,angle_only
1.75178062915802,0.21598906815052032,-1.75178062915802,1.1079365015029907,-0.21598906815052032,-3.055342197418213,136,1148,pole_angle,angle_only
1.5199854373931885,0.21546132862567902,1.5199854373931885,-0.044149331748485565,-0.21546132862567902,-0.3239215612411499,137,760,pole_angle,angle_only
2.0023815631866455,0.2351255565881729,-2.0023815631866455,-2.6648292541503906,0.2351255565881729,2.592954635620117,138,506,pole_angle,angle_only
2.408936023712158,0.018940089270472527,2.408936023712158,2.177393674850464,-0.018940089270472527,-1.4822739362716675,139,1068,cart_pos,angle_only
2.428699016571045,0.02653476595878601,2.428699016571045,2.172308921813965,0.02653476595878601,-1.445117712020874,140,253,cart_pos,angle_only
1.422195553779602,0.21020175516605377,1.422195553779602,0.15646257996559143,-0.21020175516605377,-0.462838351726532,141,228,pole_angle,angle_only
0.9235925674438477,0.21266622841358185,0.9235925674438477,-0.03931577503681183,-0.21266622841358185,-0.35568317770957947,42,1262,pole_angle,velocity_only
1.060585379600525,0.21749192476272583,1.060585379600525,0.1820618361234665,-0.21749192476272583,-0.2806893587112427,43,233,pole_angle,velocity_only
0.9251907467842102,0.21760141849517822,0.9251907467842102,-0.18568956851959229,-0.21760141849517822,-0.23766563832759857,44,467,pole_angle,velocity_only
0.9108936786651611,0.21277831494808197,0.9108936786651611,-0.0069932835176587105,-0.21277831494808197,-0.40518316626548767,45,534,pole_angle,velocity_only
0.9333875775337219,0.2129686027765274,0.9333875775337219,-0.1547679305076599,-0.2129686027765274,-0.14105349779129028,46,421,pole_angle,velocity_only
0.7684349417686462,0.22183196246623993,0.7684349417686462,-1.7214174270629883,0.22183196246623993,2.448826551437378,47,187,pole_angle,velocity_only
0.2011791467666626,0.0072373561561107635,0.2011791467666626,0.4786930978298187,-0.0072373561561107635,-0.7464830279350281,48,2000,time_limit,velocity_only
0.9803755879402161,0.2101568728685379,0.9803755879402161,0.0868803933262825,-0.2101568728685379,-0.2548500597476959,49,274,pole_angle,velocity_only
0.9311150312423706,0.21044647693634033,0.9311150312423706,0.02050301432609558,-0.21044647693634033,-0.27008527517318726,50,392,pole_angle,velocity_only
1.0109286308288574,0.21265316009521484,1.0109286308288574,0.1447974592447281,-0.21265316009521484,-0.2649511396884918,51,241,pole_angle,velocity_only
0.9391729831695557,0.22017107903957367,0.9391729831695557,0.03118393011391163,-0.22017107903957367,-0.3180442750453949,52,454,pole_angle,velocity_only
0.9318864345550537,0.2118753045797348,0.9318864345550537,0.18998658657073975,-0.2118753045797348,-0.6018635630607605,53,487,pole_angle,velocity_only
0.999931275844574,0.21574747562408447,0.999931275844574,0.19082269072532654,-0.21574747562408447,-0.2846439778804779,54,795,pole_angle,velocity_only
0.9626806974411011,0.21019019186496735,0.9626806974411011,-0.1020762100815773,-0.21019019186496735,-0.1712009161710739,55,350,pole_angle,velocity_only
1.1806784868240356,0.21748171746730804,1.1806784868240356,0.5295532941818237,-0.21748171746730804,-0.29855775833129883,56,89,pole_angle,velocity_only
0.9182022213935852,0.20952701568603516,0.9182022213935852,0.0488164909183979,-0.20952701568603516,-0.6007979512214661,57,278,pole_angle,velocity_only
1.20684814453125,0.22295628488063812,1.20684814453125,-1.9228155612945557,0.22295628488063812,3.2011539936065674,58,202,pole_angle,velocity_only
0.8946072459220886,0.21728873252868652,0.8946072459220886,-2.024610757827759,0.21728873252868652,3.062171697616577,59,179,pole_angle,velocity_only
0.9294382333755493,0.21663951873779297,0.9294382333755493,0.15495900809764862,-0.21663951873779297,-0.8810542225837708,60,253,pole_angle,velocity_only
1.0053300857543945,0.20972567796707153,1.0053300857543945,0.17175771296024323,-0.20972567796707153,-0.3862653970718384,61,179,pole_angle,velocity_only
0.9861828684806824,0.2177249938249588,0.9861828684806824,-0.04214519262313843,-0.2177249938249588,-0.19727195799350739,62,270,pole_angle,velocity_only
0.9890653491020203,0.211920365691185,0.9890653491020203,0.1898396909236908,-0.211920365691185,-0.5553324222564697,63,248,pole_angle,velocity_only
0.661962628364563,0.21705219149589539,0.661962628364563,-1.1672054529190063,0.21705219149589539,1.5778956413269043,64,268,pole_angle,velocity_only
1.0602303743362427,0.21020616590976715,1.0602303743362427,0.001877039554528892,-0.21020616590976715,0.11180910468101501,65,134,pole_angle,velocity_only
0.9844344258308411,0.21392570436000824,0.9844344258308411,-0.18513093888759613,-0.21392570436000824,-0.14123046398162842,66,233,pole_angle,velocity_only
0.9253897666931152,0.221147820353508,0.9253897666931152,-0.017758022993803024,-0.221147820353508,-0.45972198247909546,67,668,pole_angle,velocity_only
0.9017432332038879,0.21912498772144318,0.9017432332038879,-0.08682092279195786,-0.21912498772144318,-0.37172621488571167,68,429,pole_angle,velocity_only
0.5298694372177124,0.025958474725484848,0.5298694372177124,0.4122079014778137,-0.025958474725484848,-0.6615518927574158,69,2000,time_limit,velocity_only
0.9248190522193909,0.2202930450439453,0.9248190522193909,-0.008697666227817535,-0.2202930450439453,-0.4156722128391266,70,888,pole_angle,velocity_only
0.9447054266929626,0.21036575734615326,0.9447054266929626,0.04085943475365639,-0.21036575734615326,-0.26560693979263306,71,344,pole_angle,velocity_only
0.6913717985153198,0.22073408961296082,0.6913717985153198,-1.2211847305297852,0.22073408961296082,1.6619445085525513,72,238,pole_angle,velocity_only
1.010291576385498,0.2117750644683838,1.010291576385498,0.023684261366724968,-0.2117750644683838,-0.03526999056339264,73,172,pole_angle,velocity_only
0.9416734576225281,0.2095974087715149,0.9416734576225281,0.02650640346109867,-0.2095974087715149,-0.312264621257782,74,466,pole_angle,velocity_only
0.9746485352516174,0.21832185983657837,0.9746485352516174,0.0033576663117855787,-0.21832185983657837,-0.3701339662075043,75,210,pole_angle,velocity_only
0.9688968062400818,0.21196769177913666,0.9688968062400818,-0.0331697016954422,-0.21196769177913666,-0.23536351323127747,76,207,pole_angle,velocity_only
0.9283328056335449,0.21273162961006165,0.9283328056335449,0.18555715680122375,-0.21273162961006165,-0.7098389267921448,77,461,pole_angle,velocity_only
0.918400228023529,0.2110353708267212,0.918400228023529,-0.1106494590640068,-0.2110353708267212,-0.24429921805858612,78,243,pole_angle,velocity_only
0.9534394145011902,0.2187315821647644,0.9534394145011902,-0.0684681236743927,-0.2187315821647644,-0.32364147901535034,79,954,pole_angle,velocity_only
0.9204399585723877,0.2164497673511505,0.9204399585723877,-0.05530552193522453,-0.2164497673511505,-0.3536190390586853,80,598,pole_angle,velocity_only
0.948377788066864,0.21003319323062897,0.948377788066864,-0.16896657645702362,-0.21003319323062897,-0.029842350631952286,81,537,pole_angle,velocity_only
0.09424612671136856,0.042392879724502563,0.09424612671136856,0.09606186300516129,0.042392879724502563,-0.20440812408924103,82,2000,time_limit,velocity_only
1.0271408557891846,0.21200178563594818,1.0271408557891846,-0.0702417716383934,-0.21200178563594818,0.08471589535474777,83,200,pole_angle,velocity_only
0.9975680112838745,0.21290895342826843,0.9975680112838745,0.2213972806930542,-0.21290895342826843,-0.30596086382865906,84,215,pole_angle,velocity_only
0.669338047504425,0.22054609656333923,0.669338047504425,-1.2251514196395874,0.22054609656333923,1.6562855243682861,85,216,pole_angle,velocity_only
0.9242995977401733,0.21263401210308075,0.9242995977401733,-0.03025679476559162,-0.21263401210308075,-0.3123207986354828,86,328,pole_angle,velocity_only
0.938389241695404,0.2137400060892105,0.938389241695404,-0.14898836612701416,-0.2137400060892105,-0.1715075522661209,87,409,pole_angle,velocity_only
1.0063316822052002,0.2104872614145279,1.0063316822052002,0.1959490180015564,-0.2104872614145279,-0.42662161588668823,88,239,pole_angle,velocity_only
0.6482040882110596,0.2098182588815689,0.6482040882110596,-1.137816309928894,0.2098182588815689,1.3164451122283936,89,182,pole_angle,velocity_only
0.8982548117637634,0.2124134749174118,0.8982548117637634,0.01984170824289322,-0.2124134749174118,-0.5573233366012573,90,670,pole_angle,velocity_only
0.9935626983642578,0.21667851507663727,0.9935626983642578,0.08901381492614746,-0.21667851507663727,-0.31257250905036926,91,240,pole_angle,velocity_only
2.4119861125946045,0.04286113381385803,2.4119861125946045,1.957411289215088,0.04286113381385803,-1.1888484954833984,92,309,cart_pos,velocity_only
0.9095466136932373,0.21541231870651245,0.9095466136932373,0.17930762469768524,-0.21541231870651245,-0.7355217933654785,93,811,pole_angle,velocity_only
0.957503616809845,0.21015754342079163,0.957503616809845,-0.12236633151769638,-0.21015754342079163,-0.1482623666524887,94,337,pole_angle,velocity_only
0.9463527798652649,0.21544954180717468,0.9463527798652649,-0.14529310166835785,-0.21544954180717468,-0.17979007959365845,95,275,pole_angle,velocity_only
0.9621079564094543,0.2147151678800583,0.9621079564094543,-0.08094562590122223,-0.2147151678800583,-0.22518649697303772,96,247,pole_angle,velocity_only
0.9558542370796204,0.21886928379535675,0.9558542370796204,-0.11829468607902527,-0.21886928379535675,-0.2796351909637451,97,299,pole_angle,velocity_only
1.0146150588989258,0.21401137113571167,1.0146150588989258,-0.019755229353904724,-0.21401137113571167,-0.15161852538585663,98,218,pole_angle,velocity_only
0.9715550541877747,0.2156592160463333,0.9715550541877747,-0.0039619081653654575,-0.2156592160463333,-0.20415225625038147,99,236,pole_angle,velocity_only
0.9183300733566284,0.2104797065258026,0.9183300733566284,-0.14892753958702087,-0.2104797065258026,-0.21672765910625458,100,393,pole_angle,velocity_only
0.36256617307662964,0.017198294401168823,0.36256617307662964,0.2708075940608978,0.017198294401168823,-0.4582737684249878,101,2000,time_limit,velocity_only
0.9733707904815674,0.20980733633041382,0.9733707904815674,0.13239498436450958,-0.20980733633041382,-0.4266991913318634,102,200,pole_angle,velocity_only
0.9801959991455078,0.2136731892824173,0.9801959991455078,-0.08988441526889801,-0.2136731892824173,-0.06199130415916443,103,336,pole_angle,velocity_only
0.9521585702896118,0.21577870845794678,0.9521585702896118,-0.12954910099506378,-0.21577870845794678,-0.15320968627929688,104,311,pole_angle,velocity_only
0.9150885939598083,0.21058781445026398,0.9150885939598083,0.1412431299686432,-0.21058781445026398,-0.6691596508026123,105,506,pole_angle,velocity_only
0.9349833130836487,0.21201670169830322,0.9349833130836487,0.17693676054477692,-0.21201670169830322,-0.571853518486023,106,503,pole_angle,velocity_only
0.9559998512268066,0.2152871936559677,0.9559998512268066,-0.08159556984901428,-0.2152871936559677,-0.2236378788948059,107,340,pole_angle,velocity_only
0.9182233810424805,0.2146139144897461,0.9182233810424805,-0.15660050511360168,-0.2146139144897461,-0.28906843066215515,108,527,pole_angle,velocity_only
0.9749010801315308,0.2179773449897766,0.9749010801315308,0.09841393679380417,-0.2179773449897766,-0.2710234820842743,109,628,pole_angle,velocity_only
0.9546504020690918,0.21435731649398804,0.9546504020690918,0.021329466253519058,-0.21435731649398804,-0.3009178042411804,110,330,pole_angle,velocity_only
0.9678798317909241,0.21219158172607422,0.9678798317909241,-0.06640826910734177,-0.21219158172607422,-0.21122589707374573,111,302,pole_angle,velocity_only
0.9331139922142029,0.21377523243427277,0.9331139922142029,-0.09129425138235092,-0.21377523243427277,-0.24595071375370026,112,383,pole_angle,velocity_only
1.013841152191162,0.21825763583183289,1.013841152191162,-0.002522686030715704,-0.21825763583183289,-0.2386382520198822,113,244,pole_angle,velocity_only
0.9562869668006897,0.2113395780324936,0.9562869668006897,-0.012950061820447445,-0.2113395780324936,-0.20908625423908234,114,234,pole_angle,velocity_only
0.17144106328487396,0.02504342421889305,0.17144106328487396,-0.10234060883522034,-0.02504342421889305,0.39945876598358154,115,2000,time_limit,velocity_only
1.087903380393982,0.2202342003583908,1.087903380393982,-0.1284903734922409,-0.2202342003583908,-0.35614946484565735,116,141,pole_angle,velocity_only
0.9119653701782227,0.21594414114952087,0.9119653701782227,-0.1552884429693222,-0.21594414114952087,-0.28246375918388367,117,1315,pole_angle,velocity_only
0.9822835922241211,0.21718338131904602,0.9822835922241211,0.07588604837656021,-0.21718338131904602,-0.31300294399261475,118,358,pole_angle,velocity_only
1.0207723379135132,0.21672426164150238,1.0207723379135132,0.12391907721757889,-0.21672426164150238,-0.2968747317790985,119,228,pole_angle,velocity_only
0.6280977725982666,0.23754726350307465,0.6280977725982666,-1.543217658996582,0.23754726350307465,2.0256197452545166,120,274,pole_angle,velocity_only
0.9513874053955078,0.21915572881698608,0.9513874053955078,-0.03850658982992172,-0.21915572881698608,-0.28563711047172546,121,366,pole_angle,velocity_only
1.046236515045166,0.2157612293958664,1.046236515045166,0.32247406244277954,-0.2157612293958664,-0.3087904751300812,122,166,pole_angle,velocity_only
0.9520227313041687,0.21949473023414612,0.9520227313041687,-0.049607325345277786,-0.21949473023414612,-0.3248136639595032,123,278,pole_angle,velocity_only
0.9559240937232971,0.2134365290403366,0.9559240937232971,-0.1819818615913391,-0.2134365290403366,-0.03970789909362793,124,423,pole_angle,velocity_only
1.070350170135498,0.20992505550384521,1.070350170135498,0.22510550916194916,-0.20992505550384521,-0.00037367563345469534,125,180,pole_angle,velocity_only
0.9532005190849304,0.21872565150260925,0.9532005190849304,0.06719557195901871,-0.21872565150260925,-0.2953588664531708,126,192,pole_angle,velocity_only
1.0660701990127563,0.2172389030456543,1.0660701990127563,0.2570030391216278,-0.2172389030456543,-0.29719072580337524,127,210,pole_angle,velocity_only
0.25132450461387634,0.021601596847176552,0.25132450461387634,0.3008633852005005,0.021601596847176552,-0.4332929253578186,128,2000,time_limit,velocity_only
0.9733194708824158,0.21778063476085663,0.9733194708824158,0.08435793220996857,-0.21778063476085663,-0.3101598918437958,129,1649,pole_angle,velocity_only
1.0361897945404053,0.21019428968429565,1.0361897945404053,-0.1832299530506134,-0.21019428968429565,0.14763419330120087,130,249,pole_angle,velocity_only
0.9629167318344116,0.21124322712421417,0.9629167318344116,-0.10465006530284882,-0.21124322712421417,-0.1631513386964798,131,287,pole_angle,velocity_only
0.9493041634559631,0.21375343203544617,0.9493041634559631,-0.1304372400045395,-0.21375343203544617,-0.19047918915748596,132,445,pole_angle,velocity_only
1.0810147523880005,0.2138478010892868,1.0810147523880005,0.37977731227874756,-0.2138478010892868,-0.280152291059494,133,180,pole_angle,velocity_only
0.9352373480796814,0.21710166335105896,0.9352373480796814,-0.17587241530418396,-0.21710166335105896,-0.16486293077468872,134,449,pole_angle,velocity_only
0.9425631165504456,0.21162167191505432,0.9425631165504456,-0.1833132952451706,-0.21162167191505432,-0.06669334322214127,135,851,pole_angle,velocity_only
0.9539010524749756,0.21729110181331635,0.9539010524749756,-0.11118291318416595,-0.21729110181331635,-0.18269598484039307,136,238,pole_angle,velocity_only
0.9729942679405212,0.21438157558441162,0.9729942679405212,-0.047870926558971405,-0.21438157558441162,-0.24008221924304962,137,264,pole_angle,velocity_only
1.056023120880127,0.20979982614517212,1.056023120880127,0.18071848154067993,-0.20979982614517212,-0.062423866242170334,138,163,pole_angle,velocity_only
0.691175639629364,0.2410317361354828,0.691175639629364,-1.6253770589828491,0.2410317361354828,2.227426528930664,139,230,pole_angle,velocity_only
0.9986617565155029,0.21416562795639038,0.9986617565155029,-0.07276591658592224,-0.21416562795639038,-0.05867500975728035,140,251,pole_angle,velocity_only
0.9833782315254211,0.2140103280544281,0.9833782315254211,-0.043203793466091156,-0.2140103280544281,-0.061708249151706696,141,207,pole_angle,velocity_only
